{"cameraMode":{"drawMode":0,"name":"Shaded","section":"Shading Mode"},"sceneLighting":true,"audioPlay":false,"sceneViewState":{"m_AlwaysRefresh":false,"showFog":true,"showSkybox":true,"showFlares":true,"showImageEffects":true,"showParticleSystems":true,"showVisualEffectGraphs":true,"m_FxEnabled":true},"in2DMode":false,"pivot":{"x":-0.676988959312439,"y":0.38734307885169985,"z":8.674758911132813},"rotation":{"x":0.12276966869831085,"y":0.8628019690513611,"z":-0.2549244165420532,"w":0.4193733036518097},"size":0.9486857056617737,"orthographic":false}